<?xml version="1.0" encoding="UTF-8"?>
<!DOCTYPE suite SYSTEM "http://testng.org/testng-1.0.dtd">
<suite name="Suite">
	<test thread-count="5" name="leads">
		<classes>
			<class name="week5.day1.MergeLead" />
			<class name="week5.day1.CreateLead" />
		</classes>
	</test> <!-- Test -->
	<test thread-count="5" name="Accounts">
		<classes>
			<class name="week5.day1.MergeAcc" />
			<class name="week5.day1.CreateAcc" />
		</classes>
	</test> <!-- Test -->
	<test thread-count="5" name="Orders">
		<classes>
			<class name="week5.day1.MergeOrd" />
			<class name="week5.day1.CreateOrd" />
		</classes>
	</test> <!-- Test -->
</suite> <!-- Suite -->
